time,donor,acceptor
0.0,228.0,406.0
0.032,211.0,405.0
0.064,254.0,406.0
0.096,203.0,409.0
0.128,218.0,392.0
0.16,221.0,473.0
0.192,223.0,429.0
0.224,217.0,423.0
0.256,250.0,404.0
0.288,262.0,482.0
0.32,272.0,408.0
0.352,233.0,451.0
0.384,254.0,417.0
0.416,222.0,350.0
0.448,242.0,421.0
0.48,172.0,385.0
0.512,240.0,401.0
0.544,236.0,432.0
0.576,200.0,382.0
0.608,246.0,384.0
0.64,214.0,391.0
0.672,285.0,410.0
0.704,242.0,385.0
0.736,214.0,412.0
0.768,215.0,402.0
0.8,240.0,428.0
0.832,196.0,388.0
0.864,239.0,451.0
0.896,177.0,420.0
0.928,246.0,459.0
0.96,260.0,413.0
0.992,258.0,438.0
1.024,249.0,404.0
1.056,195.0,424.0
1.088,212.0,417.0
1.12,231.0,380.0
1.152,274.0,413.0
1.184,228.0,399.0
1.216,216.0,421.0
1.248,177.0,421.0
1.28,223.0,430.0
1.312,225.0,460.0
1.344,201.0,396.0
1.376,269.0,450.0
1.408,233.0,369.0
1.44,177.0,418.0
1.472,244.0,420.0
1.504,194.0,412.0
1.536,224.0,392.0
1.568,202.0,369.0
1.6,218.0,367.0
1.632,222.0,461.0
1.664,218.0,438.0
1.696,213.0,417.0
1.728,241.0,381.0
1.76,224.0,422.0
1.792,223.0,378.0
1.824,201.0,407.0
1.856,237.0,438.0
1.888,213.0,351.0
1.92,257.0,384.0
1.952,222.0,417.0
1.984,219.0,373.0
2.016,195.0,480.0
2.048,251.0,412.0
2.08,240.0,447.0
2.112,294.0,382.0
2.144,198.0,437.0
2.176,200.0,384.0
2.208,184.0,396.0
2.24,227.0,403.0
2.272,243.0,386.0
2.304,212.0,404.0
2.336,246.0,410.0
2.368,206.0,429.0
2.4,250.0,418.0
2.432,209.0,355.0
2.464,195.0,374.0
2.496,224.0,437.0
2.528,219.0,363.0
2.56,232.0,437.0
2.592,217.0,370.0
2.624,203.0,424.0
2.656,218.0,349.0
2.688,240.0,373.0
2.72,240.0,407.0
2.752,222.0,362.0
2.784,230.0,421.0
2.816,257.0,365.0
2.848,228.0,386.0
2.88,213.0,403.0
2.912,230.0,490.0
2.944,267.0,394.0
2.976,239.0,416.0
3.008,236.0,366.0
3.04,205.0,444.0
3.072,199.0,404.0
3.104,223.0,389.0
3.136,219.0,379.0
3.168,230.0,467.0
3.2,197.0,382.0
3.232,247.0,376.0
3.264,280.0,363.0
3.296,203.0,446.0
3.328,225.0,422.0
3.36,218.0,395.0
3.392,227.0,394.0
3.424,201.0,431.0
3.456,226.0,406.0
3.488,246.0,388.0
3.52,204.0,444.0
3.552,217.0,372.0
3.584,208.0,434.0
3.616,243.0,444.0
3.648,229.0,458.0
3.68,207.0,398.0
3.712,214.0,403.0
3.744,223.0,467.0
3.776,237.0,422.0
3.808,222.0,412.0
3.84,243.0,399.0
3.872,239.0,400.0
3.904,217.0,424.0
3.936,241.0,424.0
3.968,170.0,405.0
4.0,206.0,405.0
4.032,202.0,386.0
4.064,235.0,403.0
4.096,204.0,379.0
4.128,248.0,345.0
4.16,231.0,411.0
4.192,241.0,409.0
4.224,232.0,349.0
4.256,216.0,399.0
4.288,212.0,394.0
4.32,226.0,352.0
4.352,231.0,376.0
4.384,208.0,414.0
4.416,235.0,430.0
4.448,244.0,387.0
4.48,202.0,429.0
4.512,259.0,382.0
4.544,212.0,436.0
4.576,256.0,417.0
4.608,196.0,404.0
4.64,204.0,405.0
4.672,222.0,351.0
4.704,230.0,445.0
4.736,216.0,397.0
4.768,163.0,415.0
4.8,246.0,401.0
4.832,250.0,417.0
4.864,219.0,370.0
4.896,228.0,403.0
4.928,236.0,338.0
4.96,224.0,389.0
4.992,205.0,391.0
5.024,216.0,382.0
5.056,235.0,380.0
5.088,253.0,399.0
5.12,253.0,395.0
5.152,196.0,459.0
5.184,206.0,421.0
5.216,238.0,456.0
5.248,236.0,420.0
5.28,233.0,436.0
5.312,208.0,471.0
5.344,187.0,430.0
5.376,202.0,420.0
5.408,263.0,441.0
5.44,207.0,422.0
5.472,253.0,410.0
5.504,231.0,417.0
5.536,190.0,379.0
5.568,171.0,442.0
5.6,258.0,462.0
5.632,199.0,461.0
5.664,246.0,359.0
5.696,219.0,430.0
5.728,232.0,392.0
5.76,232.0,372.0
5.792,230.0,388.0
5.824,187.0,391.0
5.856,221.0,423.0
5.888,193.0,375.0
5.92,193.0,463.0
5.952,197.0,445.0
5.984,222.0,478.0
6.016,249.0,439.0
6.048,207.0,418.0
6.08,209.0,419.0
6.112,262.0,296.0
6.144,212.0,423.0
6.176,211.0,379.0
6.208,227.0,456.0
6.24,220.0,436.0
6.272,193.0,390.0
6.304,225.0,414.0
6.336,175.0,451.0
6.368,189.0,428.0
6.4,209.0,455.0
6.432,221.0,408.0
6.464,225.0,379.0
6.496,228.0,393.0
6.528,227.0,391.0
6.56,241.0,406.0
6.592,239.0,411.0
6.624,223.0,473.0
6.656,244.0,413.0
6.688,221.0,386.0
6.72,233.0,397.0
6.752,191.0,412.0
6.784,200.0,454.0
6.816,194.0,384.0
6.848,217.0,426.0
6.88,215.0,422.0
6.912,253.0,418.0
6.944,217.0,442.0
6.976,198.0,382.0
7.008,232.0,416.0
7.04,207.0,408.0
7.072,221.0,419.0
7.104,198.0,347.0
7.136,230.0,412.0
7.168,227.0,438.0
7.2,205.0,373.0
7.232,230.0,377.0
7.264,245.0,323.0
7.296,216.0,455.0
7.328,211.0,373.0
7.36,258.0,373.0
7.392,192.0,422.0
7.424,226.0,411.0
7.456,218.0,429.0
7.488,221.0,397.0
7.52,213.0,393.0
7.552,234.0,413.0
7.584,250.0,454.0
7.616,189.0,377.0
7.648,240.0,359.0
7.68,247.0,444.0
7.712,221.0,457.0
7.744,230.0,450.0
7.776,247.0,387.0
7.808,223.0,450.0
7.84,206.0,413.0
7.872,242.0,387.0
7.904,246.0,343.0
7.936,194.0,462.0
7.968,197.0,386.0
8.0,233.0,412.0
8.032,221.0,418.0
8.064,239.0,413.0
8.096,246.0,395.0
8.128,236.0,445.0
8.16,245.0,404.0
8.192,217.0,369.0
8.224,227.0,391.0
8.256,219.0,472.0
8.288,244.0,425.0
8.32,238.0,401.0
8.352,271.0,380.0
8.384,240.0,368.0
8.416,234.0,388.0
8.448,212.0,416.0
8.48,228.0,396.0
8.512,202.0,414.0
8.544,215.0,393.0
8.576,218.0,377.0
8.608,209.0,424.0
8.64,287.0,425.0
8.672,219.0,399.0
8.704,271.0,378.0
8.736,233.0,392.0
8.768,253.0,419.0
8.8,207.0,415.0
8.832,227.0,395.0
8.864,209.0,364.0
8.896,223.0,409.0
8.928,218.0,465.0
8.96,231.0,361.0
8.992,207.0,424.0
9.024,227.0,405.0
9.056,201.0,417.0
9.088,202.0,405.0
9.12,226.0,398.0
9.152,242.0,390.0
9.184,216.0,396.0
9.216,221.0,388.0
9.248,246.0,395.0
9.28,246.0,394.0
9.312,208.0,414.0
9.344,247.0,400.0
9.376,219.0,430.0
9.408,220.0,398.0
9.44,220.0,372.0
9.472,223.0,400.0
9.504,195.0,409.0
9.536,279.0,444.0
9.568,211.0,391.0
9.6,194.0,411.0
9.632,191.0,392.0
9.664,220.0,455.0
9.696,205.0,402.0
9.728,193.0,410.0
9.76,213.0,433.0
9.792,235.0,402.0
9.824,217.0,440.0
9.856,227.0,383.0
9.888,220.0,368.0
9.92,239.0,442.0
9.952,243.0,443.0
9.984,195.0,429.0
10.016,225.0,421.0
10.048,224.0,397.0
10.08,236.0,403.0
10.112,237.0,394.0
10.144,216.0,412.0
10.176,237.0,371.0
10.208,218.0,433.0
10.24,211.0,407.0
10.272,211.0,361.0
10.304,212.0,388.0
10.336,203.0,402.0
10.368,223.0,433.0
10.4,232.0,385.0
10.432,211.0,397.0
10.464,210.0,412.0
10.496,247.0,374.0
10.528,191.0,412.0
10.56,212.0,403.0
10.592,245.0,409.0
10.624,194.0,368.0
10.656,227.0,385.0
10.688,269.0,379.0
10.72,234.0,446.0
10.752,247.0,384.0
10.784,218.0,390.0
10.816,219.0,410.0
10.848,228.0,403.0
10.88,239.0,341.0
10.912,210.0,446.0
10.944,195.0,390.0
10.976,210.0,512.0
11.008,207.0,427.0
11.04,227.0,372.0
11.072,188.0,397.0
11.104,209.0,365.0
11.136,202.0,377.0
11.168,221.0,427.0
11.2,245.0,466.0
11.232,242.0,370.0
11.264,228.0,401.0
11.296,212.0,359.0
11.328,236.0,399.0
11.36,190.0,368.0
11.392,235.0,420.0
11.424,208.0,462.0
11.456,220.0,438.0
11.488,228.0,387.0
11.52,225.0,471.0
11.552,232.0,337.0
11.584,255.0,420.0
11.616,213.0,394.0
11.648,211.0,417.0
11.68,221.0,393.0
11.712,224.0,420.0
11.744,235.0,408.0
11.776,231.0,459.0
11.808,255.0,347.0
11.84,209.0,451.0
11.872,234.0,448.0
11.904,226.0,393.0
11.936,234.0,378.0
11.968,177.0,395.0
12.0,245.0,366.0
12.032,201.0,417.0
12.064,187.0,364.0
12.096,180.0,431.0
12.128,217.0,401.0
12.16,234.0,446.0
12.192,212.0,470.0
12.224,213.0,408.0
12.256,207.0,456.0
12.288,244.0,355.0
12.32,223.0,380.0
12.352,222.0,381.0
12.384,244.0,403.0
12.416,184.0,398.0
12.448,217.0,374.0
12.48,192.0,410.0
12.512,216.0,396.0
12.544,248.0,443.0
12.576,203.0,431.0
12.608,236.0,421.0
12.64,225.0,363.0
12.672,237.0,439.0
12.704,196.0,431.0
12.736,286.0,407.0
12.768,223.0,458.0
12.8,209.0,438.0
12.832,202.0,369.0
12.864,219.0,409.0
12.896,231.0,396.0
12.928,231.0,411.0
12.96,217.0,365.0
12.992,223.0,402.0
13.024,209.0,392.0
13.056,244.0,390.0
13.088,247.0,395.0
13.12,220.0,393.0
13.152,223.0,427.0
13.184,236.0,398.0
13.216,225.0,422.0
13.248,253.0,425.0
13.28,192.0,361.0
13.312,228.0,485.0
13.344,175.0,405.0
13.376,193.0,394.0
13.408,188.0,389.0
13.44,205.0,412.0
13.472,217.0,397.0
13.504,155.0,423.0
13.536,190.0,412.0
13.568,227.0,363.0
13.6,203.0,391.0
13.632,192.0,381.0
13.664,216.0,380.0
13.696,206.0,380.0
13.728,208.0,396.0
13.76,228.0,396.0
13.792,211.0,355.0
13.824,209.0,380.0
13.856,197.0,361.0
13.888,223.0,337.0
13.92,252.0,375.0
13.952,198.0,372.0
13.984,204.0,434.0
14.016,222.0,386.0
14.048,253.0,346.0
14.08,229.0,400.0
14.112,237.0,360.0
14.144,218.0,366.0
14.176,210.0,386.0
14.208,233.0,445.0
14.24,196.0,315.0
14.272,213.0,417.0
14.304,177.0,406.0
14.336,218.0,419.0
14.368,226.0,420.0
14.4,220.0,374.0
14.432,237.0,364.0
14.464,205.0,403.0
14.496,226.0,424.0
14.528,195.0,432.0
14.56,242.0,440.0
14.592,221.0,405.0
14.624,228.0,360.0
14.656,244.0,415.0
14.688,234.0,358.0
14.72,194.0,375.0
14.752,233.0,376.0
14.784,208.0,378.0
14.816,209.0,407.0
14.848,260.0,384.0
14.88,198.0,431.0
14.912,228.0,426.0
14.944,253.0,471.0
14.976,219.0,369.0
15.008,202.0,410.0
15.04,243.0,371.0
15.072,232.0,449.0
15.104,225.0,405.0
15.136,176.0,358.0
15.168,149.0,419.0
15.2,209.0,332.0
15.232,265.0,388.0
15.264,249.0,408.0
15.296,237.0,426.0
15.328,220.0,411.0
15.36,240.0,378.0
15.392,201.0,396.0
15.424,191.0,476.0
15.456,208.0,392.0
15.488,210.0,393.0
15.52,189.0,409.0
15.552,193.0,379.0
15.584,211.0,442.0
15.616,237.0,355.0
15.648,248.0,371.0
15.68,209.0,376.0
15.712,205.0,390.0
15.744,206.0,406.0
15.776,210.0,338.0
15.808,217.0,426.0
15.84,413.0,162.0
15.872,419.0,70.0
15.904,464.0,80.0
15.936,496.0,74.0
15.968,434.0,94.0
16.0,424.0,92.0
16.032,431.0,78.0
16.064,478.0,83.0
16.096,413.0,80.0
16.128,444.0,60.0
16.16,426.0,48.0
16.192,461.0,74.0
16.224,423.0,83.0
16.256,439.0,60.0
16.288,461.0,53.0
16.32,406.0,71.0
16.352,432.0,68.0
16.384,476.0,85.0
16.416,521.0,73.0
16.448,419.0,63.0
16.48,448.0,76.0
16.512,458.0,66.0
16.544,456.0,71.0
16.576,408.0,75.0
16.608,415.0,61.0
16.64,430.0,62.0
16.672,458.0,77.0
16.704,495.0,73.0
16.736,432.0,70.0
16.768,399.0,85.0
16.8,438.0,72.0
16.832,411.0,47.0
16.864,461.0,75.0
16.896,450.0,72.0
16.928,494.0,91.0
16.96,405.0,83.0
16.992,398.0,77.0
17.024,419.0,71.0
17.056,454.0,66.0
17.088,436.0,79.0
17.12,547.0,76.0
17.152,464.0,74.0
17.184,440.0,84.0
17.216,460.0,79.0
17.248,453.0,73.0
17.28,432.0,79.0
17.312,415.0,70.0
17.344,418.0,61.0
17.376,444.0,59.0
17.408,424.0,75.0
17.44,465.0,63.0
17.472,443.0,56.0
17.504,454.0,47.0
17.536,421.0,79.0
17.568,452.0,64.0
17.6,459.0,64.0
17.632,462.0,69.0
17.664,514.0,79.0
17.696,436.0,90.0
17.728,436.0,69.0
17.76,372.0,69.0
17.792,392.0,67.0
17.824,386.0,64.0
17.856,370.0,63.0
17.888,376.0,64.0
17.92,389.0,52.0
17.952,435.0,70.0
17.984,417.0,55.0
18.016,358.0,64.0
18.048,354.0,53.0
18.08,390.0,69.0
18.112,394.0,67.0
18.144,375.0,41.0
18.176,366.0,51.0
18.208,375.0,70.0
18.24,403.0,75.0
18.272,426.0,74.0
18.304,349.0,76.0
18.336,446.0,80.0
18.368,367.0,65.0
18.4,391.0,70.0
18.432,342.0,65.0
18.464,400.0,70.0
18.496,329.0,69.0
18.528,345.0,45.0
18.56,325.0,70.0
18.592,414.0,47.0
18.624,426.0,79.0
18.656,422.0,94.0
18.688,451.0,86.0
18.72,508.0,62.0
18.752,481.0,54.0
18.784,414.0,83.0
18.816,358.0,55.0
18.848,353.0,103.0
18.88,295.0,53.0
18.912,397.0,68.0
18.944,363.0,76.0
18.976,371.0,66.0
19.008,397.0,63.0
19.04,314.0,51.0
19.072,349.0,69.0
19.104,335.0,53.0
19.136,394.0,62.0
19.168,430.0,77.0
19.2,415.0,52.0
19.232,373.0,55.0
19.264,446.0,72.0
19.296,379.0,61.0
19.328,364.0,77.0
19.36,399.0,94.0
19.392,341.0,63.0
19.424,374.0,68.0
19.456,376.0,60.0
19.488,371.0,59.0
19.52,344.0,66.0
19.552,328.0,66.0
19.584,411.0,58.0
19.616,402.0,60.0
19.648,369.0,62.0
19.68,331.0,59.0
19.712,370.0,50.0
19.744,321.0,55.0
19.776,348.0,79.0
19.808,330.0,62.0
19.84,330.0,50.0
19.872,447.0,79.0
19.904,369.0,79.0
19.936,351.0,80.0
19.968,348.0,66.0
20.0,356.0,54.0
20.032,347.0,86.0
20.064,385.0,77.0
20.096,411.0,59.0
20.128,334.0,61.0
20.16,378.0,59.0
20.192,344.0,54.0
20.224,375.0,59.0
20.256,350.0,58.0
20.288,427.0,73.0
20.32,349.0,58.0
20.352,390.0,56.0
20.384,351.0,93.0
20.416,435.0,61.0
20.448,341.0,70.0
20.48,356.0,61.0
20.512,359.0,64.0
20.544,328.0,56.0
20.576,355.0,53.0
20.608,453.0,72.0
20.64,362.0,74.0
20.672,412.0,69.0
20.704,380.0,76.0
20.736,452.0,85.0
20.768,357.0,73.0
20.8,434.0,63.0
20.832,358.0,61.0
20.864,381.0,79.0
20.896,410.0,68.0
20.928,474.0,65.0
20.96,412.0,50.0
20.992,411.0,65.0
21.024,384.0,77.0
21.056,399.0,75.0
21.088,369.0,88.0
21.12,373.0,59.0
21.152,383.0,76.0
21.184,347.0,59.0
21.216,339.0,60.0
21.248,419.0,55.0
21.28,360.0,59.0
21.312,347.0,73.0
21.344,347.0,71.0
21.376,352.0,66.0
21.408,452.0,73.0
21.44,421.0,49.0
21.472,357.0,67.0
21.504,372.0,51.0
21.536,356.0,63.0
21.568,387.0,59.0
21.6,308.0,64.0
21.632,310.0,77.0
21.664,401.0,82.0
21.696,390.0,70.0
21.728,344.0,81.0
21.76,388.0,71.0
21.792,425.0,62.0
21.824,383.0,62.0
21.856,359.0,48.0
21.888,379.0,75.0
21.92,368.0,60.0
21.952,386.0,68.0
21.984,427.0,55.0
22.016,425.0,71.0
22.048,378.0,71.0
22.08,327.0,60.0
22.112,378.0,65.0
22.144,356.0,57.0
22.176,399.0,70.0
22.208,382.0,86.0
22.24,370.0,49.0
22.272,377.0,77.0
22.304,394.0,89.0
22.336,372.0,62.0
22.368,372.0,59.0
22.4,375.0,72.0
22.432,387.0,55.0
22.464,353.0,76.0
22.496,372.0,73.0
22.528,366.0,72.0
22.56,365.0,59.0
22.592,327.0,52.0
22.624,318.0,76.0
22.656,370.0,56.0
22.688,379.0,60.0
22.72,365.0,81.0
22.752,422.0,55.0
22.784,369.0,71.0
22.816,378.0,84.0
22.848,448.0,56.0
22.88,357.0,65.0
22.912,423.0,74.0
22.944,358.0,78.0
22.976,366.0,73.0
23.008,440.0,44.0
23.04,349.0,69.0
23.072,414.0,71.0
23.104,369.0,65.0
23.136,395.0,52.0
23.168,356.0,77.0
23.2,350.0,56.0
23.232,374.0,72.0
23.264,425.0,86.0
23.296,366.0,82.0
23.328,357.0,71.0
23.36,355.0,58.0
23.392,322.0,57.0
23.424,398.0,66.0
23.456,290.0,76.0
23.488,379.0,60.0
23.52,456.0,59.0
23.552,417.0,73.0
23.584,349.0,51.0
23.616,422.0,74.0
23.648,366.0,69.0
23.68,417.0,57.0
23.712,405.0,53.0
23.744,317.0,49.0
23.776,360.0,76.0
23.808,384.0,74.0
23.84,350.0,69.0
23.872,357.0,61.0
23.904,350.0,80.0
23.936,333.0,63.0
23.968,287.0,43.0
24.0,374.0,69.0
24.032,377.0,62.0
24.064,393.0,71.0
24.096,320.0,68.0
24.128,358.0,59.0
24.16,325.0,64.0
24.192,419.0,69.0
24.224,319.0,52.0
24.256,416.0,81.0
24.288,362.0,63.0
24.32,388.0,61.0
24.352,472.0,68.0
24.384,438.0,55.0
24.416,346.0,58.0
24.448,336.0,65.0
24.48,365.0,85.0
24.512,308.0,72.0
24.544,375.0,76.0
24.576,330.0,56.0
24.608,381.0,51.0
24.64,381.0,66.0
24.672,333.0,57.0
24.704,421.0,61.0
24.736,349.0,49.0
24.768,426.0,85.0
24.8,438.0,66.0
24.832,392.0,55.0
24.864,399.0,60.0
24.896,353.0,56.0
24.928,379.0,71.0
24.96,353.0,69.0
24.992,336.0,61.0
25.024,371.0,83.0
25.056,406.0,59.0
25.088,339.0,49.0
25.12,372.0,52.0
25.152,339.0,68.0
25.184,388.0,62.0
25.216,378.0,61.0
25.248,317.0,45.0
25.28,385.0,58.0
25.312,406.0,65.0
25.344,323.0,60.0
25.376,378.0,61.0
25.408,382.0,58.0
25.44,413.0,69.0
25.472,428.0,68.0
25.504,386.0,86.0
25.536,410.0,68.0
25.568,374.0,53.0
25.6,320.0,64.0
25.632,334.0,55.0
25.664,443.0,61.0
25.696,369.0,59.0
25.728,370.0,50.0
25.76,427.0,56.0
25.792,375.0,75.0
25.824,408.0,79.0
25.856,368.0,50.0
25.888,372.0,61.0
25.92,399.0,86.0
25.952,411.0,55.0
25.984,336.0,67.0
26.016,346.0,67.0
26.048,366.0,58.0
26.08,382.0,83.0
26.112,470.0,89.0
26.144,324.0,54.0
26.176,389.0,83.0
26.208,358.0,69.0
26.24,385.0,77.0
26.272,404.0,54.0
26.304,432.0,79.0
26.336,336.0,34.0
26.368,379.0,74.0
26.4,417.0,74.0
26.432,323.0,51.0
26.464,383.0,81.0
26.496,314.0,55.0
26.528,393.0,73.0
26.56,413.0,66.0
26.592,347.0,68.0
26.624,382.0,53.0
26.656,373.0,69.0
26.688,359.0,79.0
26.72,361.0,57.0
26.752,418.0,72.0
26.784,366.0,60.0
26.816,371.0,78.0
26.848,425.0,74.0
26.88,381.0,56.0
26.912,324.0,57.0
26.944,432.0,59.0
26.976,401.0,63.0
27.008,371.0,81.0
27.04,446.0,56.0
27.072,377.0,57.0
27.104,362.0,91.0
27.136,421.0,97.0
27.168,385.0,62.0
27.2,412.0,64.0
27.232,434.0,68.0
27.264,402.0,57.0
27.296,340.0,52.0
27.328,379.0,77.0
27.36,430.0,58.0
27.392,372.0,54.0
27.424,385.0,67.0
27.456,353.0,60.0
27.488,481.0,98.0
27.52,455.0,81.0
27.552,459.0,63.0
27.584,453.0,64.0
27.616,377.0,61.0
27.648,389.0,74.0
27.68,417.0,58.0
27.712,362.0,68.0
27.744,406.0,72.0
27.776,419.0,95.0
27.808,456.0,59.0
27.84,414.0,71.0
27.872,354.0,48.0
27.904,387.0,70.0
27.936,423.0,63.0
27.968,420.0,64.0
28.0,420.0,55.0
28.032,341.0,82.0
28.064,488.0,84.0
28.096,390.0,65.0
28.128,398.0,65.0
28.16,434.0,71.0
28.192,449.0,75.0
28.224,417.0,72.0
28.256,377.0,80.0
28.288,394.0,65.0
28.32,449.0,85.0
28.352,436.0,71.0
28.384,352.0,72.0
28.416,395.0,60.0
28.448,365.0,58.0
28.48,460.0,58.0
28.512,346.0,64.0
28.544,458.0,82.0
28.576,391.0,61.0
28.608,460.0,79.0
28.64,407.0,59.0
28.672,443.0,63.0
28.704,408.0,78.0
28.736,432.0,67.0
28.768,385.0,65.0
28.8,387.0,54.0
28.832,387.0,76.0
28.864,428.0,52.0
28.896,375.0,86.0
28.928,383.0,75.0
28.96,390.0,86.0
28.992,410.0,45.0
29.024,469.0,63.0
29.056,381.0,62.0
29.088,415.0,69.0
29.12,352.0,62.0
29.152,384.0,73.0
29.184,372.0,66.0
29.216,440.0,70.0
29.248,374.0,57.0
29.28,431.0,57.0
29.312,389.0,80.0
29.344,411.0,64.0
29.376,355.0,77.0
29.408,323.0,43.0
29.44,416.0,59.0
29.472,380.0,66.0
29.504,325.0,74.0
29.536,412.0,55.0
29.568,404.0,64.0
29.6,335.0,42.0
29.632,384.0,66.0
29.664,375.0,67.0
29.696,358.0,78.0
29.728,466.0,51.0
29.76,449.0,64.0
29.792,386.0,56.0
29.824,341.0,91.0
29.856,408.0,43.0
29.888,310.0,43.0
29.92,362.0,46.0
29.952,401.0,67.0
29.984,370.0,70.0
30.016,349.0,63.0
30.048,362.0,108.0
30.08,352.0,73.0
30.112,298.0,58.0
30.144,398.0,75.0
30.176,410.0,46.0
30.208,415.0,71.0
30.24,393.0,61.0
30.272,394.0,50.0
30.304,347.0,58.0
30.336,292.0,54.0
30.368,414.0,65.0
30.4,351.0,56.0
30.432,426.0,75.0
30.464,411.0,70.0
30.496,349.0,57.0
30.528,442.0,45.0
30.56,315.0,77.0
30.592,390.0,71.0
30.624,424.0,70.0
30.656,441.0,64.0
30.688,373.0,70.0
30.72,410.0,54.0
30.752,430.0,65.0
30.784,21.0,17.0
30.816,25.0,24.0
30.848,25.0,17.0
30.88,9.0,23.0
30.912,11.0,16.0
30.944,21.0,17.0
30.976,24.0,30.0
31.008,18.0,22.0
31.04,16.0,27.0
31.072,14.0,10.0
31.104,9.0,12.0
31.136,13.0,26.0
31.168,9.0,14.0
31.2,17.0,20.0
31.232,20.0,15.0
31.264,5.0,31.0
31.296,17.0,18.0
31.328,10.0,10.0
31.36,26.0,16.0
31.392,14.0,33.0
31.424,6.0,22.0
31.456,26.0,18.0
31.488,20.0,14.0
31.52,25.0,17.0
31.552,24.0,31.0
31.584,17.0,25.0
31.616,20.0,24.0
31.648,23.0,23.0
31.68,30.0,30.0
31.712,23.0,21.0
31.744,15.0,18.0
31.776,30.0,17.0
31.808,27.0,19.0
31.84,13.0,20.0
31.872,24.0,23.0
31.904,23.0,18.0
31.936,35.0,25.0
31.968,21.0,15.0
32.0,25.0,23.0
32.032,9.0,12.0
32.064,20.0,32.0
32.096,15.0,15.0
32.128,16.0,14.0
32.16,35.0,26.0
32.192,8.0,18.0
32.224,36.0,16.0
32.256,25.0,27.0
32.288,13.0,10.0
32.32,27.0,33.0
32.352,27.0,15.0
32.384,30.0,14.0
32.416,25.0,19.0
32.448,18.0,24.0
32.48,21.0,17.0
32.512,18.0,21.0
32.544,10.0,13.0
32.576,17.0,8.0
32.608,20.0,8.0
32.64,13.0,15.0
32.672,23.0,10.0
32.704,14.0,21.0
32.736,15.0,13.0
32.768,13.0,10.0
32.8,15.0,15.0
32.832,16.0,8.0
32.864,20.0,15.0
32.896,7.0,19.0
32.928,10.0,11.0
32.96,18.0,28.0
32.992,16.0,20.0
33.024,7.0,28.0
33.056,22.0,13.0
33.088,19.0,24.0
33.12,25.0,12.0
33.152,23.0,20.0
33.184,14.0,8.0
33.216,8.0,16.0
33.248,25.0,13.0
33.28,20.0,21.0
33.312,28.0,14.0
33.344,14.0,19.0
33.376,13.0,19.0
33.408,14.0,18.0
33.44,27.0,9.0
33.472,13.0,9.0
33.504,28.0,18.0
33.536,17.0,18.0
33.568,11.0,16.0
33.6,14.0,14.0
33.632,16.0,23.0
33.664,17.0,15.0
33.696,22.0,10.0
33.728,15.0,18.0
33.76,25.0,17.0
33.792,24.0,26.0
33.824,24.0,16.0
33.856,17.0,17.0
33.888,18.0,10.0
33.92,20.0,23.0
33.952,17.0,13.0
33.984,6.0,21.0
34.016,29.0,23.0
34.048,29.0,17.0
34.08,23.0,12.0
34.112,7.0,15.0
34.144,22.0,23.0
34.176,18.0,21.0
34.208,14.0,20.0
34.24,6.0,19.0
34.272,42.0,22.0
34.304,23.0,19.0
34.336,21.0,18.0
34.368,32.0,15.0
34.4,20.0,14.0
34.432,20.0,9.0
34.464,26.0,20.0
34.496,11.0,21.0
34.528,34.0,14.0
34.56,12.0,25.0
34.592,31.0,11.0
34.624,16.0,14.0
34.656,22.0,19.0
34.688,22.0,10.0
34.72,19.0,13.0
34.752,17.0,12.0
34.784,15.0,12.0
34.816,18.0,10.0
34.848,17.0,22.0
34.88,4.0,15.0
34.912,6.0,19.0
34.944,5.0,20.0
34.976,10.0,16.0
35.008,16.0,14.0
35.04,13.0,22.0
35.072,14.0,14.0
35.104,13.0,25.0
35.136,12.0,17.0
35.168,27.0,8.0
35.2,18.0,13.0
35.232,29.0,21.0
35.264,16.0,14.0
35.296,11.0,19.0
35.328,29.0,22.0
35.36,12.0,10.0
35.392,17.0,11.0
35.424,17.0,11.0
35.456,17.0,16.0
35.488,29.0,12.0
35.52,19.0,13.0
35.552,13.0,26.0
35.584,16.0,15.0
35.616,11.0,10.0
35.648,8.0,22.0
35.68,10.0,25.0
35.712,24.0,32.0
35.744,15.0,16.0
35.776,22.0,19.0
35.808,19.0,13.0
35.84,23.0,11.0
35.872,9.0,12.0
35.904,18.0,12.0
35.936,16.0,20.0
35.968,6.0,14.0
36.0,17.0,24.0
36.032,13.0,20.0
36.064,6.0,12.0
36.096,14.0,24.0
36.128,8.0,22.0
36.16,25.0,19.0
36.192,31.0,20.0
36.224,15.0,15.0
36.256,14.0,22.0
36.288,22.0,11.0
36.32,27.0,27.0
36.352,10.0,12.0
36.384,14.0,8.0
36.416,18.0,14.0
36.448,29.0,14.0
36.48,22.0,22.0
36.512,30.0,20.0
36.544,17.0,10.0
36.576,20.0,13.0
36.608,13.0,16.0
36.64,11.0,17.0
36.672,15.0,11.0
36.704,13.0,14.0
36.736,24.0,20.0
36.768,15.0,21.0
36.8,8.0,17.0
36.832,17.0,22.0
36.864,21.0,27.0
36.896,21.0,23.0
36.928,24.0,7.0
36.96,28.0,14.0
36.992,12.0,10.0
37.024,14.0,19.0
37.056,15.0,19.0
37.088,12.0,20.0
37.12,11.0,18.0
37.152,27.0,22.0
37.184,16.0,13.0
37.216,12.0,18.0
37.248,19.0,21.0
37.28,10.0,19.0
37.312,35.0,15.0
37.344,21.0,24.0
37.376,10.0,21.0
37.408,27.0,9.0
37.44,32.0,23.0
37.472,1.0,23.0
37.504,30.0,12.0
37.536,22.0,12.0
37.568,11.0,17.0
37.6,11.0,5.0
37.632,25.0,16.0
37.664,23.0,22.0
37.696,22.0,14.0
37.728,16.0,21.0
37.76,6.0,8.0
37.792,24.0,18.0
37.824,15.0,25.0
37.856,10.0,12.0
37.888,13.0,16.0
37.92,21.0,19.0
37.952,15.0,21.0
37.984,13.0,22.0
38.016,23.0,9.0
38.048,11.0,21.0
38.08,35.0,16.0
38.112,18.0,14.0
38.144,10.0,8.0
38.176,7.0,17.0
38.208,11.0,11.0
38.24,21.0,15.0
38.272,16.0,8.0
38.304,14.0,7.0
38.336,7.0,18.0
38.368,23.0,16.0
38.4,30.0,13.0
38.432,14.0,13.0
38.464,15.0,13.0
38.496,23.0,17.0
38.528,14.0,12.0
38.56,6.0,15.0
38.592,8.0,15.0
38.624,14.0,11.0
38.656,26.0,13.0
38.688,13.0,22.0
38.72,15.0,12.0
38.752,24.0,14.0
38.784,38.0,11.0
38.816,23.0,20.0
38.848,20.0,14.0
38.88,14.0,24.0
38.912,14.0,13.0
38.944,17.0,25.0
38.976,11.0,21.0
39.008,18.0,13.0
39.04,23.0,25.0
39.072,11.0,15.0
39.104,21.0,9.0
39.136,22.0,12.0
39.168,26.0,15.0
39.2,14.0,10.0
39.232,7.0,18.0
39.264,17.0,18.0
39.296,28.0,22.0
39.328,12.0,21.0
39.36,18.0,10.0
39.392,24.0,16.0
39.424,18.0,16.0
39.456,16.0,11.0
39.488,15.0,24.0
39.52,18.0,11.0
39.552,22.0,10.0
39.584,16.0,21.0
39.616,26.0,21.0
39.648,22.0,11.0
39.68,29.0,14.0
39.712,16.0,19.0
39.744,32.0,13.0
39.776,16.0,23.0
39.808,15.0,18.0
39.84,8.0,23.0
39.872,12.0,29.0
39.904,25.0,14.0
39.936,13.0,17.0
39.968,15.0,16.0
40.0,23.0,25.0
40.032,20.0,16.0
40.064,13.0,13.0
40.096,5.0,10.0
40.128,20.0,15.0
40.16,12.0,24.0
40.192,18.0,20.0
40.224,21.0,15.0
40.256,17.0,7.0
40.288,14.0,35.0
40.32,19.0,20.0
40.352,18.0,12.0
40.384,20.0,21.0
40.416,13.0,20.0
40.448,21.0,20.0
40.48,14.0,13.0
40.512,19.0,31.0
40.544,21.0,11.0
40.576,13.0,18.0
40.608,17.0,15.0
40.64,10.0,14.0
40.672,19.0,9.0
40.704,12.0,17.0
40.736,12.0,7.0
40.768,2.0,8.0
40.8,16.0,17.0
40.832,21.0,14.0
40.864,34.0,11.0
40.896,13.0,20.0
40.928,15.0,26.0
40.96,30.0,17.0
40.992,39.0,15.0
41.024,28.0,6.0
41.056,6.0,12.0
41.088,20.0,19.0
41.12,15.0,15.0
41.152,24.0,8.0
41.184,17.0,10.0
41.216,7.0,9.0
41.248,23.0,7.0
41.28,10.0,19.0
41.312,9.0,5.0
41.344,16.0,15.0
41.376,17.0,9.0
41.408,19.0,13.0
41.44,13.0,10.0
41.472,30.0,21.0
41.504,17.0,13.0
41.536,27.0,5.0
41.568,26.0,15.0
41.6,23.0,16.0
41.632,6.0,9.0
41.664,5.0,17.0
41.696,22.0,8.0
41.728,14.0,13.0
41.76,13.0,22.0
41.792,18.0,17.0
41.824,21.0,10.0
41.856,19.0,18.0
41.888,18.0,18.0
41.92,22.0,12.0
41.952,7.0,13.0
41.984,28.0,11.0
42.016,17.0,16.0
42.048,31.0,16.0
42.08,15.0,14.0
42.112,20.0,21.0
42.144,14.0,8.0
42.176,19.0,14.0
42.208,24.0,8.0
42.24,31.0,14.0
42.272,25.0,7.0
42.304,23.0,11.0
42.336,6.0,10.0
42.368,28.0,12.0
42.4,16.0,19.0
42.432,28.0,15.0
42.464,20.0,18.0
42.496,13.0,17.0
42.528,17.0,9.0
42.56,8.0,7.0
42.592,15.0,15.0
42.624,12.0,14.0
42.656,17.0,13.0
42.688,18.0,11.0
42.72,16.0,16.0
42.752,16.0,25.0
42.784,22.0,8.0
42.816,25.0,5.0
42.848,21.0,20.0
42.88,27.0,15.0
42.912,10.0,12.0
42.944,19.0,13.0
42.976,30.0,11.0
43.008,15.0,9.0
43.04,25.0,14.0
43.072,12.0,21.0
43.104,18.0,24.0
43.136,16.0,10.0
43.168,13.0,11.0
43.2,20.0,16.0
43.232,25.0,12.0
43.264,18.0,9.0
43.296,16.0,7.0
43.328,32.0,9.0
43.36,25.0,12.0
43.392,7.0,14.0
43.424,11.0,13.0
43.456,21.0,15.0
43.488,24.0,15.0
43.52,17.0,13.0
43.552,9.0,14.0
43.584,15.0,11.0
43.616,13.0,8.0
43.648,12.0,16.0
43.68,26.0,16.0
43.712,23.0,12.0
43.744,15.0,12.0
43.776,17.0,22.0
43.808,25.0,8.0
43.84,5.0,16.0
43.872,11.0,16.0
43.904,13.0,12.0
43.936,12.0,10.0
43.968,13.0,22.0
44.0,21.0,20.0
44.032,10.0,13.0
44.064,25.0,12.0
44.096,15.0,11.0
44.128,3.0,17.0
44.16,17.0,17.0
44.192,19.0,10.0
44.224,19.0,17.0
44.256,16.0,21.0
44.288,25.0,14.0
44.32,21.0,11.0
44.352,16.0,10.0
44.384,22.0,9.0
44.416,32.0,9.0
44.448,29.0,5.0
44.48,20.0,7.0
44.512,24.0,17.0
44.544,13.0,6.0
44.576,15.0,11.0
44.608,31.0,8.0
44.64,14.0,16.0
44.672,20.0,11.0
44.704,16.0,8.0
44.736,17.0,5.0
44.768,15.0,11.0
44.8,29.0,25.0
44.832,22.0,14.0
44.864,8.0,13.0
44.896,3.0,20.0
44.928,32.0,10.0
44.96,16.0,3.0
44.992,24.0,5.0
45.024,28.0,12.0
45.056,21.0,10.0
45.088,14.0,22.0
45.12,4.0,6.0
45.152,25.0,18.0
45.184,19.0,13.0
45.216,10.0,9.0
45.248,11.0,16.0
45.28,17.0,23.0
45.312,23.0,7.0
45.344,29.0,14.0
45.376,23.0,16.0
45.408,9.0,7.0
45.44,18.0,17.0
45.472,19.0,22.0
45.504,25.0,15.0
45.536,20.0,10.0
45.568,21.0,5.0
45.6,12.0,16.0
45.632,33.0,13.0
45.664,29.0,11.0
45.696,21.0,13.0
45.728,31.0,15.0
45.76,26.0,24.0
45.792,8.0,8.0
45.824,24.0,14.0
45.856,27.0,12.0
45.888,24.0,7.0
45.92,27.0,21.0
45.952,29.0,14.0
45.984,17.0,15.0
46.016,17.0,18.0
46.048,21.0,7.0
46.08,16.0,14.0
46.112,11.0,21.0
46.144,18.0,10.0
46.176,22.0,19.0
46.208,26.0,15.0
46.24,9.0,10.0
46.272,23.0,15.0
46.304,20.0,14.0
46.336,22.0,14.0
46.368,16.0,12.0
46.4,24.0,10.0
46.432,26.0,15.0
46.464,20.0,14.0
46.496,15.0,7.0
46.528,20.0,14.0
46.56,10.0,9.0
46.592,26.0,5.0
46.624,19.0,17.0
46.656,13.0,13.0
46.688,23.0,11.0
46.72,9.0,14.0
46.752,35.0,9.0
46.784,19.0,18.0
46.816,18.0,14.0
46.848,14.0,11.0
46.88,18.0,17.0
46.912,17.0,19.0
46.944,28.0,13.0
46.976,9.0,10.0
47.008,18.0,10.0
47.04,9.0,6.0
47.072,15.0,18.0
47.104,19.0,8.0
47.136,7.0,7.0
47.168,12.0,21.0
47.2,22.0,5.0
47.232,13.0,14.0
47.264,21.0,8.0
47.296,33.0,15.0
47.328,10.0,7.0
47.36,18.0,16.0
47.392,22.0,17.0
47.424,16.0,12.0
47.456,27.0,14.0
47.488,21.0,18.0
47.52,12.0,12.0
47.552,25.0,14.0
47.584,26.0,10.0
47.616,19.0,11.0
47.648,28.0,7.0
47.68,16.0,23.0
47.712,16.0,11.0
47.744,32.0,12.0
47.776,19.0,12.0
47.808,5.0,6.0
47.84,13.0,12.0
47.872,15.0,8.0
47.904,17.0,11.0
47.936,32.0,13.0
47.968,15.0,8.0
48.0,23.0,4.0
48.032,19.0,7.0
48.064,12.0,18.0
48.096,24.0,8.0
48.128,25.0,11.0
48.16,24.0,12.0
48.192,11.0,4.0
48.224,17.0,14.0
48.256,31.0,6.0
48.288,26.0,17.0
48.32,28.0,6.0
48.352,21.0,14.0
48.384,28.0,15.0
48.416,44.0,17.0
48.448,21.0,10.0
48.48,39.0,4.0
48.512,13.0,8.0
48.544,28.0,19.0
48.576,16.0,13.0
48.608,25.0,7.0
48.64,26.0,4.0
48.672,34.0,10.0
48.704,14.0,7.0
48.736,12.0,15.0
48.768,6.0,12.0
48.8,16.0,12.0
48.832,16.0,8.0
48.864,13.0,12.0
48.896,33.0,6.0
48.928,33.0,10.0
48.96,20.0,6.0
48.992,14.0,9.0
49.024,23.0,8.0
49.056,24.0,22.0
49.088,9.0,19.0
49.12,22.0,12.0
49.152,16.0,11.0
49.184,29.0,10.0
49.216,19.0,20.0
49.248,21.0,13.0
49.28,8.0,6.0
49.312,14.0,15.0
49.344,9.0,8.0
49.376,12.0,7.0
49.408,22.0,10.0
49.44,18.0,12.0
49.472,19.0,7.0
49.504,22.0,17.0
49.536,22.0,15.0
49.568,20.0,6.0
49.6,26.0,9.0
49.632,19.0,10.0
49.664,13.0,11.0
49.696,33.0,10.0
49.728,18.0,14.0
49.76,33.0,21.0
49.792,16.0,16.0
49.824,13.0,10.0
49.856,28.0,13.0
49.888,27.0,7.0
49.92,11.0,8.0
49.952,11.0,21.0
49.984,12.0,14.0
50.016,17.0,10.0
50.048,16.0,13.0
50.08,15.0,7.0
50.112,18.0,13.0
50.144,6.0,10.0
50.176,17.0,9.0
50.208,23.0,10.0
50.24,13.0,13.0
50.272,16.0,11.0
50.304,21.0,17.0
50.336,25.0,16.0
50.368,14.0,10.0
50.4,23.0,7.0
50.432,31.0,6.0
50.464,20.0,14.0
50.496,11.0,18.0
50.528,21.0,8.0
50.56,21.0,14.0
50.592,14.0,9.0
50.624,12.0,6.0
50.656,36.0,14.0
50.688,18.0,14.0
50.72,21.0,23.0
50.752,19.0,6.0
50.784,18.0,11.0
50.816,22.0,20.0
50.848,10.0,12.0
50.88,17.0,13.0
50.912,19.0,11.0
50.944,15.0,14.0
50.976,15.0,16.0
51.008,25.0,20.0
51.04,16.0,19.0
51.072,12.0,6.0
51.104,7.0,9.0
51.136,27.0,6.0
51.168,18.0,8.0
51.2,31.0,11.0
51.232,17.0,10.0
51.264,17.0,12.0
51.296,16.0,5.0
51.328,19.0,15.0
51.36,29.0,10.0
51.392,21.0,7.0
51.424,31.0,7.0
51.456,21.0,5.0
51.488,6.0,11.0
51.52,25.0,6.0
51.552,29.0,12.0
51.584,24.0,24.0
51.616,14.0,11.0
51.648,15.0,3.0
51.68,27.0,15.0
51.712,17.0,12.0
51.744,31.0,6.0
51.776,15.0,11.0
51.808,35.0,13.0
51.84,37.0,8.0
51.872,23.0,5.0
51.904,18.0,9.0
51.936,27.0,11.0
51.968,16.0,11.0
52.0,23.0,18.0
52.032,27.0,17.0
52.064,17.0,9.0
52.096,14.0,12.0
52.128,20.0,10.0
52.16,39.0,19.0
52.192,26.0,7.0
52.224,25.0,13.0
52.256,25.0,4.0
52.288,30.0,11.0
52.32,21.0,2.0
52.352,14.0,8.0
52.384,13.0,13.0
52.416,11.0,4.0
52.448,24.0,23.0
52.48,31.0,12.0
52.512,14.0,10.0
52.544,17.0,6.0
52.576,18.0,11.0
52.608,23.0,7.0
52.64,24.0,11.0
52.672,14.0,10.0
52.704,22.0,14.0
52.736,20.0,7.0
52.768,2.0,5.0
52.8,14.0,16.0
52.832,7.0,11.0
52.864,26.0,11.0
52.896,20.0,5.0
52.928,12.0,10.0
52.96,27.0,13.0
52.992,30.0,17.0
53.024,26.0,6.0
53.056,3.0,18.0
53.088,16.0,15.0
53.12,21.0,10.0
53.152,11.0,17.0
53.184,25.0,14.0
53.216,12.0,8.0
53.248,11.0,8.0
53.28,25.0,15.0
53.312,4.0,9.0
53.344,17.0,13.0
53.376,21.0,13.0
53.408,35.0,8.0
53.44,3.0,8.0
53.472,14.0,11.0
53.504,24.0,2.0
53.536,17.0,11.0
53.568,19.0,14.0
53.6,11.0,12.0
53.632,13.0,4.0
53.664,19.0,13.0
53.696,15.0,10.0
53.728,14.0,10.0
53.76,22.0,14.0
53.792,14.0,9.0
53.824,19.0,9.0
53.856,20.0,6.0
53.888,23.0,9.0
53.92,10.0,11.0
53.952,19.0,10.0
53.984,25.0,11.0
54.016,20.0,6.0
54.048,11.0,7.0
54.08,4.0,15.0
54.112,24.0,13.0
54.144,12.0,21.0
54.176,13.0,10.0
54.208,14.0,10.0
54.24,10.0,8.0
54.272,11.0,8.0
54.304,11.0,5.0
54.336,16.0,16.0
54.368,15.0,7.0
54.4,20.0,12.0
54.432,14.0,18.0
54.464,13.0,9.0
54.496,16.0,12.0
54.528,21.0,11.0
54.56,15.0,16.0
54.592,7.0,8.0
54.624,12.0,3.0
54.656,17.0,5.0
54.688,19.0,10.0
54.72,31.0,10.0
54.752,28.0,7.0
54.784,10.0,17.0
54.816,12.0,15.0
54.848,27.0,13.0
54.88,22.0,20.0
54.912,9.0,18.0
54.944,17.0,4.0
54.976,24.0,10.0
55.008,16.0,13.0
55.04,11.0,7.0
55.072,23.0,6.0
55.104,35.0,10.0
55.136,19.0,9.0
55.168,24.0,15.0
55.2,21.0,19.0
55.232,3.0,8.0
55.264,2.0,1.0
55.296,13.0,16.0
55.328,15.0,6.0
55.36,12.0,5.0
55.392,22.0,10.0
55.424,13.0,14.0
55.456,26.0,8.0
55.488,13.0,9.0
55.52,8.0,12.0
55.552,12.0,10.0
55.584,15.0,15.0
55.616,15.0,5.0
55.648,25.0,13.0
55.68,16.0,4.0
55.712,18.0,8.0
55.744,1.0,12.0
55.776,10.0,8.0
55.808,33.0,8.0
55.84,18.0,10.0
55.872,14.0,7.0
55.904,23.0,4.0
55.936,18.0,11.0
55.968,18.0,15.0
56.0,20.0,16.0
56.032,17.0,7.0
56.064,4.0,7.0
56.096,16.0,8.0
56.128,22.0,12.0
56.16,31.0,20.0
56.192,15.0,7.0
56.224,18.0,20.0
56.256,13.0,20.0
56.288,29.0,9.0
56.32,16.0,8.0
56.352,5.0,14.0
56.384,12.0,7.0
56.416,22.0,9.0
56.448,12.0,9.0
56.48,17.0,9.0
56.512,17.0,8.0
56.544,7.0,10.0
56.576,22.0,9.0
56.608,20.0,9.0
56.64,6.0,11.0
56.672,25.0,12.0
56.704,9.0,13.0
56.736,1.0,4.0
56.768,8.0,10.0
56.8,12.0,12.0
56.832,7.0,12.0
56.864,17.0,11.0
56.896,12.0,12.0
56.928,24.0,19.0
56.96,9.0,10.0
56.992,19.0,12.0
57.024,13.0,7.0
57.056,8.0,8.0
57.088,12.0,3.0
57.12,10.0,14.0
57.152,26.0,15.0
57.184,7.0,12.0
57.216,12.0,10.0
57.248,8.0,15.0
